{
"__comment": "Designed by Roddan with BDcraft Cubik PRO 0.93 Beta - http://bdcraft.net",
"ambientocclusion": false,
"textures": {
    "texture": "items/goldtrophy"
},
"elements": [ 
{
    "from": [ 4.75, 0, 5.5 ],
    "to": [ 11.75, 0.5, 10.5 ],
    "faces": {
        "down":  { "uv": [ 4.5, 14.5, 11.5, 15 ], "texture": "#texture" },
        "up":    { "uv": [ 4.5, 14.5, 11.5, 15 ], "texture": "#texture" },
        "north": { "uv": [ 11.5, 14.5, 4.5, 15 ], "texture": "#texture" },
        "south": { "uv": [ 4.5, 14.5, 11.5, 15 ], "texture": "#texture" },
        "west":  { "uv": [ 4.5, 14.5, 6.5, 15 ], "texture": "#texture" },
        "east":  { "uv": [ 9.5, 14.5, 11.5, 15 ], "texture": "#texture" }
    }
},
{
    "from": [ 5.25, 0.5, 6 ],
    "to": [ 11.25, 1, 10 ],
    "faces": {
        "down":  { "uv": [ 5, 14, 11, 14.5 ], "texture": "#texture" },
        "up":    { "uv": [ 5, 14, 11, 14.5 ], "texture": "#texture" },
        "north": { "uv": [ 11, 14, 5, 14.5 ], "texture": "#texture" },
        "south": { "uv": [ 5, 14, 11, 14.5 ], "texture": "#texture" },
        "west":  { "uv": [ 5, 14, 7.5, 14.5 ], "texture": "#texture" },
        "east":  { "uv": [ 8.5, 14, 11, 14.5 ], "texture": "#texture" }
    }
},
{
    "from": [ 5.75, 0, 4.5 ],
    "to": [ 10.75, 0.5, 11.5 ],
    "faces": {
        "down":  { "uv": [ 5.5, 14.5, 10.5, 15 ], "texture": "#texture" },
        "up":    { "uv": [ 5.5, 14.5, 10.5, 15 ], "texture": "#texture" },
        "north": { "uv": [ 10.5, 14.5, 5.5, 15 ], "texture": "#texture" },
        "south": { "uv": [ 5.5, 14.5, 10.5, 15 ], "texture": "#texture" },
        "west":  { "uv": [ 5.5, 14.5, 7.5, 15 ], "texture": "#texture" },
        "east":  { "uv": [ 8.5, 14.5, 10.5, 15 ], "texture": "#texture" }
    }
},
{
    "from": [ 6.25, 0.5, 5 ],
    "to": [ 10.25, 1, 11 ],
    "faces": {
        "down":  { "uv": [ 6, 14, 10, 14.5 ], "texture": "#texture" },
        "up":    { "uv": [ 6, 14, 10, 14.5 ], "texture": "#texture" },
        "north": { "uv": [ 10, 14, 6, 14.5 ], "texture": "#texture" },
        "south": { "uv": [ 6, 14, 10, 14.5 ], "texture": "#texture" },
        "west":  { "uv": [ 6, 14, 7.5, 14.5 ], "texture": "#texture" },
        "east":  { "uv": [ 8.5, 14, 10, 14.5 ], "texture": "#texture" }
    }
},
{
    "from": [ 7.75, 1, 7.5 ],
    "to": [ 8.75, 1.5, 8.5 ],
    "faces": {
        "down":  { "uv": [ 7.5, 13.5, 8.5, 14 ], "texture": "#texture" },
        "up":    { "uv": [ 7.5, 13.5, 8.5, 14 ], "texture": "#texture" },
        "north": { "uv": [ 8.5, 13.5, 7.5, 14 ], "texture": "#texture" },
        "south": { "uv": [ 7.5, 13.5, 8.5, 14 ], "texture": "#texture" },
        "west":  { "uv": [ 7.5, 13.5, 8, 14 ], "texture": "#texture" },
        "east":  { "uv": [ 8, 13.5, 8.5, 14 ], "texture": "#texture" }
    }
},
{
    "from": [ 7.25, 1.5, 7.5 ],
    "to": [ 9.25, 3, 8.5 ],
    "faces": {
        "down":  { "uv": [ 7, 12.5, 9, 13.5 ], "texture": "#texture" },
        "up":    { "uv": [ 7, 12, 9, 13 ], "texture": "#texture" },
        "north": { "uv": [ 9, 12, 7, 13.5 ], "texture": "#texture" },
        "south": { "uv": [ 7, 12, 9, 13.5 ], "texture": "#texture" },
        "west":  { "uv": [ 7, 12, 8, 13.5 ], "texture": "#texture" },
        "east":  { "uv": [ 8, 12, 9, 13.5 ], "texture": "#texture" }
    }
},
{
    "from": [ 7.75, 1.5, 7 ],
    "to": [ 8.75, 3, 9 ],
    "faces": {
        "down":  { "uv": [ 7.5, 13, 8.5, 13.5 ], "texture": "#texture" },
        "up":    { "uv": [ 7.5, 12, 8.5, 12.5 ], "texture": "#texture" },
        "north": { "uv": [ 8.5, 12, 7.5, 13.5 ], "texture": "#texture" },
        "south": { "uv": [ 7.5, 12, 8.5, 13.5 ], "texture": "#texture" },
        "west":  { "uv": [ 7.5, 12, 8, 13.5 ], "texture": "#texture" },
        "east":  { "uv": [ 8, 12, 8.5, 13.5 ], "texture": "#texture" }
    }
},
{
    "from": [ 7.75, 3, 7.5 ],
    "to": [ 8.75, 3.5, 8.5 ],
    "faces": {
        "down":  { "uv": [ 7.5, 11.5, 8.5, 12 ], "texture": "#texture" },
        "up":    { "uv": [ 7.5, 11.5, 8.5, 12 ], "texture": "#texture" },
        "north": { "uv": [ 7.5, 11.5, 8.5, 12 ], "texture": "#texture" },
        "south": { "uv": [ 7.5, 11.5, 8.5, 12 ], "texture": "#texture" },
        "west":  { "uv": [ 7.5, 11.5, 8, 12 ], "texture": "#texture" },
        "east":  { "uv": [ 8, 11.5, 8.5, 12 ], "texture": "#texture" }
    }
},
{
    "from": [ 7.25, 3.5, 7 ],
    "to": [ 9.25, 4, 9 ],
    "faces": {
        "down":  { "uv": [ 7, 11, 9, 11.5 ], "texture": "#texture" },
        "up":    { "uv": [ 7, 11, 9, 11.5 ], "texture": "#texture" },
        "north": { "uv": [ 7, 11, 9, 11.5 ], "texture": "#texture" },
        "south": { "uv": [ 7, 11, 9, 11.5 ], "texture": "#texture" },
        "west":  { "uv": [ 7, 11, 9, 11.5 ], "texture": "#texture" },
        "east":  { "uv": [ 7, 11, 9, 11.5 ], "texture": "#texture" }
    }
},
{
    "from": [ 6.75, 4, 7 ],
    "to": [ 9.75, 5, 9 ],
    "faces": {
        "down":  { "uv": [ 6.5, 10.5, 9.5, 11 ], "texture": "#texture" },
        "up":    { "uv": [ 6.5, 10, 9.5, 10.5 ], "texture": "#texture" },
        "north": { "uv": [ 9.5, 10, 6.5, 11 ], "texture": "#texture" },
        "south": { "uv": [ 6.5, 10, 9.5, 11 ], "texture": "#texture" },
        "west":  { "uv": [ 6.5, 10, 8.5, 11 ], "texture": "#texture" },
        "east":  { "uv": [ 7.5, 10, 9.5, 11 ], "texture": "#texture" }
    }
},
{
    "from": [ 5.25, 5, 7 ],
    "to": [ 10.75, 6, 9 ],
    "faces": {
        "down":  { "uv": [ 5, 9, 10.5, 10 ], "texture": "#texture" },
        "up":    { "uv": [ 5, 9, 10.5, 10 ], "texture": "#texture" },
        "north": { "uv": [ 10.5, 9, 5, 10 ], "texture": "#texture" },
        "south": { "uv": [ 5, 9, 10.5, 10 ], "texture": "#texture" },
        "west":  { "uv": [ 5, 9, 7, 10 ], "texture": "#texture" },
        "east":  { "uv": [ 8.5, 9, 10.5, 10 ], "texture": "#texture" }
    }
},
{
    "from": [ 5.25, 7, 5.5 ],
    "to": [ 10.75, 10.5, 6 ],
    "faces": {
        "down":  { "uv": [ 5, 7.5, 10.5, 8 ], "texture": "#texture" },
        "up":    { "uv": [ 5, 4.5, 10.5, 5 ], "texture": "#texture" },
        "north": { "uv": [ 5, 4.5, 10.5, 8 ], "texture": "#texture" },
        "south": { "uv": [ 10.5, 4.5, 5, 8 ], "texture": "#texture" },
        "west":  { "uv": [ 5, 4.5, 5.5, 8 ], "texture": "#texture" },
        "east":  { "uv": [ 10, 4.5, 10.5, 8 ], "texture": "#texture" }
    }
},
{
    "from": [ 6.25, 8.5, 5 ],
    "to": [ 9.75, 10.5, 5.5 ],
    "faces": {
        "down":  { "uv": [ 6, 6, 9.5, 6.5 ], "texture": "#texture" },
        "up":    { "uv": [ 6, 4.5, 9.5, 5 ], "texture": "#texture" },
        "north": { "uv": [ 6, 4.5, 9.5, 6.5 ], "texture": "#texture" },
        "south": { "uv": [ 9.5, 4.5, 6, 6.5 ], "texture": "#texture" },
        "west":  { "uv": [ 6, 4.5, 6.5, 6.5 ], "texture": "#texture" },
        "east":  { "uv": [ 9, 4.5, 9.5, 6.5 ], "texture": "#texture" }
    }
},
{
    "from": [ 6.25, 8.5, 10.5 ],
    "to": [ 9.75, 10.5, 11 ],
    "faces": {
        "down":  { "uv": [ 6, 6, 9.5, 6.5 ], "texture": "#texture" },
        "up":    { "uv": [ 6, 4.5, 9.5, 5 ], "texture": "#texture" },
        "north": { "uv": [ 9.5, 4.5, 6, 6.5 ], "texture": "#texture" },
        "south": { "uv": [ 6, 4.5, 9.5, 6.5 ], "texture": "#texture" },
        "west":  { "uv": [ 6, 4.5, 6.5, 6.5 ], "texture": "#texture" },
        "east":  { "uv": [ 9, 4.5, 9.5, 6.5 ], "texture": "#texture" }
    }
},
{
    "from": [ 5.25, 7, 10 ],
    "to": [ 10.75, 10.5, 10.5 ],
    "faces": {
        "down":  { "uv": [ 5, 7.5, 10.5, 8 ], "texture": "#texture" },
        "up":    { "uv": [ 5, 4.5, 10.5, 5 ], "texture": "#texture" },
        "north": { "uv": [ 10.5, 4.5, 5, 8 ], "texture": "#texture" },
        "south": { "uv": [ 5, 4.5, 10.5, 8 ], "texture": "#texture" },
        "west":  { "uv": [ 5, 4.5, 5.5, 8 ], "texture": "#texture" },
        "east":  { "uv": [ 10, 4.5, 10.5, 8 ], "texture": "#texture" }
    }
},
{
    "from": [ 10.75, 7, 6 ],
    "to": [ 11.25, 11.5, 10 ],
    "faces": {
        "down":  { "uv": [ 10, 7.5, 9.5, 3.5 ], "texture": "#texture" },
        "up":    { "uv": [ 6, 3.5, 6.5, 7.5 ], "texture": "#texture" },
        "north": { "uv": [ 6, 3.5, 6.5, 8 ], "texture": "#texture" },
        "south": { "uv": [ 9.5, 3.5, 10, 8 ], "texture": "#texture" },
        "west":  { "uv": [ 10, 3.5, 6, 8 ], "texture": "#texture" },
        "east":  { "uv": [ 6, 3.5, 10, 8 ], "texture": "#texture" }
    }
},
{
    "from": [ 5.25, 6, 6 ],
    "to": [ 10.75, 7.5, 10 ],
    "faces": {
        "down":  { "uv": [ 5, 8.5, 10.5, 9 ], "texture": "#texture" },
        "up":    { "uv": [ 5, 7.5, 10.5, 8 ], "texture": "#texture" },
        "north": { "uv": [ 10.5, 7.5, 5, 9 ], "texture": "#texture" },
        "south": { "uv": [ 5, 7.5, 10.5, 9 ], "texture": "#texture" },
        "west":  { "uv": [ 5, 7.5, 5.5, 9 ], "texture": "#texture" },
        "east":  { "uv": [ 10, 7.5, 10.5, 9 ], "texture": "#texture" }
    }
},
{
    "from": [ 5.75, 5, 6.5 ],
    "to": [ 10.25, 6, 9.5 ],
    "faces": {
        "down":  { "uv": [ 5.5, 9, 10, 10 ], "texture": "#texture" },
        "up":    { "uv": [ 5.5, 9, 10, 10 ], "texture": "#texture" },
        "north": { "uv": [ 10, 9, 5.5, 10 ], "texture": "#texture" },
        "south": { "uv": [ 5.5, 9, 10, 10 ], "texture": "#texture" },
        "west":  { "uv": [ 5.5, 9, 7, 10 ], "texture": "#texture" },
        "east":  { "uv": [ 8.5, 9, 10, 10 ], "texture": "#texture" }
    }
},
{
    "from": [ 4.75, 10.5, 10 ],
    "to": [ 11.25, 13.5, 10.5 ],
    "faces": {
        "down":  { "uv": [ 4.5, 4, 11, 4.5 ], "texture": "#texture" },
        "up":    { "uv": [ 4.5, 1.5, 11, 2 ], "texture": "#texture" },
        "north": { "uv": [ 11, 1.5, 4.5, 4.5 ], "texture": "#texture" },
        "south": { "uv": [ 4.5, 1.5, 11, 4.5 ], "texture": "#texture" },
        "west":  { "uv": [ 4.5, 1.5, 5, 4.5 ], "texture": "#texture" },
        "east":  { "uv": [ 10.5, 1.5, 11, 4.5 ], "texture": "#texture" }
    }
},
{
    "from": [ 4.75, 10.5, 5.5 ],
    "to": [ 11.25, 13.5, 6 ],
    "faces": {
        "down":  { "uv": [ 4.5, 4, 11, 4.5 ], "texture": "#texture" },
        "up":    { "uv": [ 4.5, 1.5, 11, 2 ], "texture": "#texture" },
        "north": { "uv": [ 11, 1.5, 4.5, 4.5 ], "texture": "#texture" },
        "south": { "uv": [ 4.5, 1.5, 11, 4.5 ], "texture": "#texture" },
        "west":  { "uv": [ 4.5, 1.5, 5, 4.5 ], "texture": "#texture" },
        "east":  { "uv": [ 10.5, 1.5, 11, 4.5 ], "texture": "#texture" }
    }
},
{
    "from": [ 10.75, 11.5, 6 ],
    "to": [ 11.75, 13.5, 10 ],
    "faces": {
        "down":  { "uv": [ 9.5, 1.5, 10, 3.5 ], "texture": "#texture" },
        "up":    { "uv": [ 6, 1.5, 6.5, 3.5 ], "texture": "#texture" },
        "north": { "uv": [ 9.5, 1.5, 10, 3.5 ], "texture": "#texture" },
        "south": { "uv": [ 6, 1.5, 6.5, 3.5 ], "texture": "#texture" },
        "west":  { "uv": [ 10, 1.5, 6, 3.5 ], "texture": "#texture" },
        "east":  { "uv": [ 6, 1.5, 10, 3.5 ], "texture": "#texture" }
    }
},
{
    "from": [ 4.25, 11.5, 6 ],
    "to": [ 5.25, 13.5, 10 ],
    "faces": {
        "down":  { "uv": [ 5.5, 3, 10, 3.5 ], "texture": "#texture" },
        "up":    { "uv": [ 5.5, 1.5, 10, 2 ], "texture": "#texture" },
        "north": { "uv": [ 5.5, 1.5, 6, 3.5 ], "texture": "#texture" },
        "south": { "uv": [ 9.5, 1.5, 10, 3.5 ], "texture": "#texture" },
        "west":  { "uv": [ 10, 1.5, 5.5, 3.5 ], "texture": "#texture" },
        "east":  { "uv": [ 5.5, 1.5, 10, 3.5 ], "texture": "#texture" }
    }
},
{
    "from": [ 5.75, 10.5, 10.5 ],
    "to": [ 10.25, 13.5, 11 ],
    "faces": {
        "down":  { "uv": [ 5.5, 4, 10, 4.5 ], "texture": "#texture" },
        "up":    { "uv": [ 5.5, 1.5, 10, 2 ], "texture": "#texture" },
        "north": { "uv": [ 10, 1.5, 5.5, 4.5 ], "texture": "#texture" },
        "south": { "uv": [ 5.5, 1.5, 10, 4.5 ], "texture": "#texture" },
        "west":  { "uv": [ 5.5, 1.5, 6, 4.5 ], "texture": "#texture" },
        "east":  { "uv": [ 9.5, 1.5, 10, 4.5 ], "texture": "#texture" }
    }
},
{
    "from": [ 5.75, 10.5, 5 ],
    "to": [ 10.25, 13.5, 5.5 ],
    "faces": {
        "down":  { "uv": [ 5.5, 4, 10, 4.5 ], "texture": "#texture" },
        "up":    { "uv": [ 5.5, 1.5, 10, 2 ], "texture": "#texture" },
        "north": { "uv": [ 10, 1.5, 5.5, 4.5 ], "texture": "#texture" },
        "south": { "uv": [ 5.5, 1.5, 10, 4.5 ], "texture": "#texture" },
        "west":  { "uv": [ 5.5, 1.5, 6, 4.5 ], "texture": "#texture" },
        "east":  { "uv": [ 9.5, 1.5, 10, 4.5 ], "texture": "#texture" }
    }
},
{
    "from": [ 6.75, 7.5, 10.5 ],
    "to": [ 9.25, 8.5, 11 ],
    "faces": {
        "down":  { "uv": [ 6.5, 7, 9, 7.5 ], "texture": "#texture" },
        "up":    { "uv": [ 6.5, 6.5, 9, 7 ], "texture": "#texture" },
        "north": { "uv": [ 9, 6.5, 6.5, 7.5 ], "texture": "#texture" },
        "south": { "uv": [ 6.5, 6.5, 9, 7.5 ], "texture": "#texture" },
        "west":  { "uv": [ 6.5, 6.5, 7, 7.5 ], "texture": "#texture" },
        "east":  { "uv": [ 8.5, 6.5, 9, 7.5 ], "texture": "#texture" }
    }
},
{
    "from": [ 6.75, 7.5, 5 ],
    "to": [ 9.25, 8.5, 5.5 ],
    "faces": {
        "down":  { "uv": [ 6.5, 7, 9, 7.5 ], "texture": "#texture" },
        "up":    { "uv": [ 6.5, 6.5, 9, 7 ], "texture": "#texture" },
        "north": { "uv": [ 6.5, 6.5, 9, 7.5 ], "texture": "#texture" },
        "south": { "uv": [ 9, 6.5, 6.5, 7.5 ], "texture": "#texture" },
        "west":  { "uv": [ 6.5, 6.5, 7, 7.5 ], "texture": "#texture" },
        "east":  { "uv": [ 8.5, 6.5, 9, 7.5 ], "texture": "#texture" }
    }
},
{
    "from": [ 11.25, 10.5, 6.5 ],
    "to": [ 11.75, 11.5, 9.5 ],
    "faces": {
        "down":  { "uv": [ 9, 3, 9.5, 4 ], "texture": "#texture" },
        "up":    { "uv": [ 6.5, 3, 7, 4 ], "texture": "#texture" },
        "north": { "uv": [ 6.5, 3, 7, 4 ], "texture": "#texture" },
        "south": { "uv": [ 9, 3, 9.5, 4 ], "texture": "#texture" },
        "west":  { "uv": [ 9.5, 3, 6.5, 4 ], "texture": "#texture" },
        "east":  { "uv": [ 6.5, 3, 9.5, 4 ], "texture": "#texture" }
    }
},
{
    "from": [ 4.25, 10.5, 6.5 ],
    "to": [ 4.75, 11.5, 9.5 ],
    "faces": {
        "down":  { "uv": [ 6.5, 4, 9.5, 4.5 ], "texture": "#texture" },
        "up":    { "uv": [ 6.5, 3.5, 9.5, 4 ], "texture": "#texture" },
        "north": { "uv": [ 6.5, 3.5, 7, 4.5 ], "texture": "#texture" },
        "south": { "uv": [ 9, 3.5, 9.5, 4.5 ], "texture": "#texture" },
        "west":  { "uv": [ 9.5, 3.5, 6.5, 4.5 ], "texture": "#texture" },
        "east":  { "uv": [ 6.5, 3.5, 9.5, 4.5 ], "texture": "#texture" }
    }
},
{
    "from": [ 4.75, 7, 6 ],
    "to": [ 5.25, 11.5, 10 ],
    "faces": {
        "down":  { "uv": [ 9.5, 3.5, 10, 8 ], "texture": "#texture" },
        "up":    { "uv": [ 6, 3.5, 6.5, 8 ], "texture": "#texture" },
        "north": { "uv": [ 9.5, 3.5, 10, 8 ], "texture": "#texture" },
        "south": { "uv": [ 6, 3.5, 6.5, 8 ], "texture": "#texture" },
        "west":  { "uv": [ 10, 3.5, 6, 8 ], "texture": "#texture" },
        "east":  { "uv": [ 6, 3.5, 10, 8 ], "texture": "#texture" }
    }
},
{
    "from": [ 4.75, 6, 6.5 ],
    "to": [ 5.75, 7, 9.5 ],
    "faces": {
        "down":  { "uv": [ 5, 9.5, 6, 10 ], "texture": "#texture" },
        "up":    { "uv": [ 5, 9, 6, 9.5 ], "texture": "#texture" },
        "north": { "uv": [ 5, 9, 6, 10 ], "texture": "#texture" },
        "south": { "uv": [ 5, 9, 6, 10 ], "texture": "#texture" },
        "west":  { "uv": [ 8, 9, 5, 10 ], "texture": "#texture" },
        "east":  { "uv": [ 5, 9, 8, 10 ], "texture": "#texture" }
    }
},
{
    "from": [ 10.25, 6, 6.5 ],
    "to": [ 11.25, 7, 9.5 ],
    "faces": {
        "down":  { "uv": [ 9.5, 9.5, 10.5, 10 ], "texture": "#texture" },
        "up":    { "uv": [ 9.5, 9, 10.5, 9.5 ], "texture": "#texture" },
        "north": { "uv": [ 9.5, 9, 10.5, 10 ], "texture": "#texture" },
        "south": { "uv": [ 9.5, 9, 10.5, 10 ], "texture": "#texture" },
        "west":  { "uv": [ 10.5, 9, 7.5, 10 ], "texture": "#texture" },
        "east":  { "uv": [ 7.5, 9, 10.5, 10 ], "texture": "#texture" }
    }
},
{
    "from": [ 5.75, 6.5, 10 ],
    "to": [ 10.25, 7, 10.5 ],
    "faces": {
        "down":  { "uv": [ 5.5, 8, 10, 8.5 ], "texture": "#texture" },
        "up":    { "uv": [ 5.5, 8, 10, 8.5 ], "texture": "#texture" },
        "north": { "uv": [ 10, 8, 5.5, 8.5 ], "texture": "#texture" },
        "south": { "uv": [ 5.5, 8, 10, 8.5 ], "texture": "#texture" },
        "west":  { "uv": [ 5.5, 8, 6, 8.5 ], "texture": "#texture" },
        "east":  { "uv": [ 9.5, 8, 10, 8.5 ], "texture": "#texture" }
    }
},
{
    "from": [ 5.75, 6.5, 5.5 ],
    "to": [ 10.25, 7, 6 ],
    "faces": {
        "down":  { "uv": [ 5.5, 8, 10, 8.5 ], "texture": "#texture" },
        "up":    { "uv": [ 5.5, 8, 10, 8.5 ], "texture": "#texture" },
        "north": { "uv": [ 5.5, 8, 10, 8.5 ], "texture": "#texture" },
        "south": { "uv": [ 10, 8, 5.5, 8.5 ], "texture": "#texture" },
        "west":  { "uv": [ 5.5, 8, 6, 8.5 ], "texture": "#texture" },
        "east":  { "uv": [ 9.5, 8, 10, 8.5 ], "texture": "#texture" }
    }
},
{
    "from": [ 4.25, 13.5, 10.5 ],
    "to": [ 11.75, 14.5, 11.5 ],
    "faces": {
        "down":  { "uv": [ 4, 0.5, 11, 1 ], "texture": "#texture" },
        "up":    { "uv": [ 4, 0.5, 11, 1 ], "texture": "#texture" },
        "north": { "uv": [ 11, 0.5, 4, 1.5 ], "texture": "#texture" },
        "south": { "uv": [ 4, 0.5, 11, 1.5 ], "texture": "#texture" },
        "west":  { "uv": [ 4, 0.5, 4.5, 1.5 ], "texture": "#texture" },
        "east":  { "uv": [ 11, 0.5, 11.5, 1.5 ], "texture": "#texture" }
    }
},
{
    "from": [ 4.25, 13.5, 4.5 ],
    "to": [ 11.75, 14.5, 5.5 ],
    "faces": {
        "down":  { "uv": [ 4, 1, 11.5, 1.5 ], "texture": "#texture" },
        "up":    { "uv": [ 4, 0.5, 11.5, 1 ], "texture": "#texture" },
        "north": { "uv": [ 11.5, 0.5, 4, 1.5 ], "texture": "#texture" },
        "south": { "uv": [ 4, 0.5, 11.5, 1.5 ], "texture": "#texture" },
        "west":  { "uv": [ 4, 0.5, 5, 1.5 ], "texture": "#texture" },
        "east":  { "uv": [ 10.5, 0.5, 11.5, 1.5 ], "texture": "#texture" }
    }
},
{
    "from": [ 11.25, 13.5, 5.5 ],
    "to": [ 12.25, 14.5, 10.5 ],
    "faces": {
        "down":  { "uv": [ 5, 1, 10.5, 1.5 ], "texture": "#texture" },
        "up":    { "uv": [ 5, 0.5, 10.5, 1 ], "texture": "#texture" },
        "north": { "uv": [ 5, 0.5, 6, 1.5 ], "texture": "#texture" },
        "south": { "uv": [ 9.5, 0.5, 10.5, 1.5 ], "texture": "#texture" },
        "west":  { "uv": [ 10.5, 0.5, 5, 1.5 ], "texture": "#texture" },
        "east":  { "uv": [ 5, 0.5, 10.5, 1.5 ], "texture": "#texture" }
    }
},
{
    "from": [ 3.75, 13.5, 5.5 ],
    "to": [ 4.75, 14.5, 10.5 ],
    "faces": {
        "down":  { "uv": [ 5, 1, 10.5, 1.5 ], "texture": "#texture" },
        "up":    { "uv": [ 5, 0.5, 10.5, 1 ], "texture": "#texture" },
        "north": { "uv": [ 3.5, 0.5, 4.5, 1.5 ], "texture": "#texture" },
        "south": { "uv": [ 11, 0.5, 12, 1.5 ], "texture": "#texture" },
        "west":  { "uv": [ 10.5, 0.5, 5, 1.5 ], "texture": "#texture" },
        "east":  { "uv": [ 5, 0.5, 10.5, 1.5 ], "texture": "#texture" }
    }
},
{
    "from": [ 11.25, 7, 7.5 ],
    "to": [ 14.25, 7.5, 8.5 ],
    "faces": {
        "down":  { "uv": [ 11, 7.5, 14, 8 ], "texture": "#texture" },
        "up":    { "uv": [ 11, 7.5, 14, 8 ], "texture": "#texture" },
        "north": { "uv": [ 14, 7.5, 11, 8 ], "texture": "#texture" },
        "south": { "uv": [ 11, 7.5, 14, 8 ], "texture": "#texture" },
        "west":  { "uv": [ 11, 7.5, 12, 8 ], "texture": "#texture" },
        "east":  { "uv": [ 13, 7.5, 14, 8 ], "texture": "#texture" }
    }
},
{
    "from": [ 13.25, 7.5, 7.5 ],
    "to": [ 13.75, 8, 8.5 ],
    "faces": {
        "down":  { "uv": [ 13, 7, 13.5, 7.5 ], "texture": "#texture" },
        "up":    { "uv": [ 13, 7, 13.5, 7.5 ], "texture": "#texture" },
        "north": { "uv": [ 13, 7, 13.5, 7.5 ], "texture": "#texture" },
        "south": { "uv": [ 13, 7, 13.5, 7.5 ], "texture": "#texture" },
        "west":  { "uv": [ 13, 7, 13.5, 7.5 ], "texture": "#texture" },
        "east":  { "uv": [ 13, 7, 13.5, 7.5 ], "texture": "#texture" }
    }
},
{
    "from": [ 13.75, 7.5, 7.5 ],
    "to": [ 14.25, 11, 8.5 ],
    "faces": {
        "down":  { "uv": [ 13.5, 7, 14, 7.5 ], "texture": "#texture" },
        "up":    { "uv": [ 13.5, 4, 14, 4.5 ], "texture": "#texture" },
        "north": { "uv": [ 13.5, 4, 14, 7.5 ], "texture": "#texture" },
        "south": { "uv": [ 13.5, 4, 14, 7.5 ], "texture": "#texture" },
        "west":  { "uv": [ 13.5, 4, 14, 7.5 ], "texture": "#texture" },
        "east":  { "uv": [ 13.5, 4, 14, 7.5 ], "texture": "#texture" }
    }
},
{
    "from": [ 12.75, 10.5, 7.5 ],
    "to": [ 13.75, 11.5, 8.5 ],
    "faces": {
        "down":  { "uv": [ 12.5, 4, 13.5, 4.5 ], "texture": "#texture" },
        "up":    { "uv": [ 12.5, 3.5, 13.5, 4 ], "texture": "#texture" },
        "north": { "uv": [ 13.5, 3.5, 12.5, 4.5 ], "texture": "#texture" },
        "south": { "uv": [ 12.5, 3.5, 13.5, 4.5 ], "texture": "#texture" },
        "west":  { "uv": [ 12.5, 3.5, 13, 4.5 ], "texture": "#texture" },
        "east":  { "uv": [ 13, 3.5, 13.5, 4.5 ], "texture": "#texture" }
    }
},
{
    "from": [ 12.25, 10, 7.5 ],
    "to": [ 12.75, 11.5, 8.5 ],
    "faces": {
        "down":  { "uv": [ 12, 4.5, 12.5, 5 ], "texture": "#texture" },
        "up":    { "uv": [ 12, 3.5, 12.5, 4 ], "texture": "#texture" },
        "north": { "uv": [ 12, 3.5, 12.5, 5 ], "texture": "#texture" },
        "south": { "uv": [ 12, 3.5, 12.5, 5 ], "texture": "#texture" },
        "west":  { "uv": [ 12, 3.5, 12.5, 5 ], "texture": "#texture" },
        "east":  { "uv": [ 12, 3.5, 12.5, 5 ], "texture": "#texture" }
    }
},
{
    "from": [ 11.75, 9.5, 7.5 ],
    "to": [ 12.25, 11, 8.5 ],
    "faces": {
        "down":  { "uv": [ 11.5, 5, 12, 5.5 ], "texture": "#texture" },
        "up":    { "uv": [ 11.5, 4, 12, 4.5 ], "texture": "#texture" },
        "north": { "uv": [ 11.5, 4, 12, 5.5 ], "texture": "#texture" },
        "south": { "uv": [ 11.5, 4, 12, 5.5 ], "texture": "#texture" },
        "west":  { "uv": [ 11.5, 4, 12, 5.5 ], "texture": "#texture" },
        "east":  { "uv": [ 11.5, 4, 12, 5.5 ], "texture": "#texture" }
    }
},
{
    "from": [ 11.25, 9.5, 7.5 ],
    "to": [ 11.75, 10.5, 8.5 ],
    "faces": {
        "down":  { "uv": [ 11, 4.5, 11.5, 5.5 ], "texture": "#texture" },
        "up":    { "uv": [ 11, 4.5, 11.5, 5.5 ], "texture": "#texture" },
        "north": { "uv": [ 11, 4.5, 11.5, 5.5 ], "texture": "#texture" },
        "south": { "uv": [ 11, 4.5, 11.5, 5.5 ], "texture": "#texture" },
        "west":  { "uv": [ 11, 4.5, 11.5, 5.5 ], "texture": "#texture" },
        "east":  { "uv": [ 11, 4.5, 11.5, 5.5 ], "texture": "#texture" }
    }
},
{
    "from": [ 14.25, 7, 7.75 ],
    "to": [ 14.75, 11.5, 8.25 ],
    "faces": {
        "down":  { "uv": [ 14, 7.5, 14.5, 8 ], "texture": "#texture" },
        "up":    { "uv": [ 14, 3.5, 14.5, 4 ], "texture": "#texture" },
        "north": { "uv": [ 14, 3.5, 14.5, 8 ], "texture": "#texture" },
        "south": { "uv": [ 14, 3.5, 14.5, 8 ], "texture": "#texture" },
        "west":  { "uv": [ 14, 3.5, 14.5, 8 ], "texture": "#texture" },
        "east":  { "uv": [ 14, 3.5, 14.5, 8 ], "texture": "#texture" }
    }
},
{
    "from": [ 12.75, 11.5, 7.75 ],
    "to": [ 14.25, 12, 8.25 ],
    "faces": {
        "down":  { "uv": [ 12.5, 3, 14, 3.5 ], "texture": "#texture" },
        "up":    { "uv": [ 12.5, 3, 14, 3.5 ], "texture": "#texture" },
        "north": { "uv": [ 12.5, 3, 14, 3.5 ], "texture": "#texture" },
        "south": { "uv": [ 12.5, 3, 14, 3.5 ], "texture": "#texture" },
        "west":  { "uv": [ 12.5, 3, 13, 3.5 ], "texture": "#texture" },
        "east":  { "uv": [ 13.5, 3, 14, 3.5 ], "texture": "#texture" }
    }
},
{
    "from": [ 13.75, 11, 7.75 ],
    "to": [ 14.25, 11.5, 8.25 ],
    "faces": {
        "down":  { "uv": [ 13.5, 3.5, 14, 4 ], "texture": "#texture" },
        "up":    { "uv": [ 13.5, 3.5, 14, 4 ], "texture": "#texture" },
        "north": { "uv": [ 13.5, 3.5, 14, 4 ], "texture": "#texture" },
        "south": { "uv": [ 13.5, 3.5, 14, 4 ], "texture": "#texture" },
        "west":  { "uv": [ 13.5, 3.5, 14, 4 ], "texture": "#texture" },
        "east":  { "uv": [ 13.5, 3.5, 14, 4 ], "texture": "#texture" }
    }
},
{
    "from": [ 11.25, 6.5, 7.75 ],
    "to": [ 14.25, 7, 8.25 ],
    "faces": {
        "down":  { "uv": [ 11, 8, 14, 8.5 ], "texture": "#texture" },
        "up":    { "uv": [ 11, 8, 14, 8.5 ], "texture": "#texture" },
        "north": { "uv": [ 14, 8, 11, 8.5 ], "texture": "#texture" },
        "south": { "uv": [ 11, 8, 14, 8.5 ], "texture": "#texture" },
        "west":  { "uv": [ 11, 8, 11.5, 8.5 ], "texture": "#texture" },
        "east":  { "uv": [ 13.5, 8, 14, 8.5 ], "texture": "#texture" }
    }
},
{
    "from": [ 1.75, 6.5, 7.75 ],
    "to": [ 4.75, 7, 8.25 ],
    "faces": {
        "down":  { "uv": [ 1.5, 8, 4.5, 8.5 ], "texture": "#texture" },
        "up":    { "uv": [ 1.5, 8, 4.5, 8.5 ], "texture": "#texture" },
        "north": { "uv": [ 4.5, 8, 1.5, 8.5 ], "texture": "#texture" },
        "south": { "uv": [ 1.5, 8, 4.5, 8.5 ], "texture": "#texture" },
        "west":  { "uv": [ 1.5, 8, 2, 8.5 ], "texture": "#texture" },
        "east":  { "uv": [ 4, 8, 4.5, 8.5 ], "texture": "#texture" }
    }
},
{
    "from": [ 1.75, 7, 7.5 ],
    "to": [ 4.75, 7.5, 8.5 ],
    "faces": {
        "down":  { "uv": [ 4, 7.5, 4.5, 8 ], "texture": "#texture" },
        "up":    { "uv": [ 1.5, 7.5, 2, 8 ], "texture": "#texture" },
        "north": { "uv": [ 4.5, 7.5, 1.5, 8 ], "texture": "#texture" },
        "south": { "uv": [ 1.5, 7.5, 4.5, 8 ], "texture": "#texture" },
        "west":  { "uv": [ 1.5, 7.5, 2.5, 8 ], "texture": "#texture" },
        "east":  { "uv": [ 3.5, 7.5, 4.5, 8 ], "texture": "#texture" }
    }
},
{
    "from": [ 2.25, 7.5, 7.5 ],
    "to": [ 2.75, 8, 8.5 ],
    "faces": {
        "down":  { "uv": [ 2, 7, 2.5, 7.5 ], "texture": "#texture" },
        "up":    { "uv": [ 2, 7, 2.5, 7.5 ], "texture": "#texture" },
        "north": { "uv": [ 2, 7, 2.5, 7.5 ], "texture": "#texture" },
        "south": { "uv": [ 2, 7, 2.5, 7.5 ], "texture": "#texture" },
        "west":  { "uv": [ 2, 7, 2.5, 7.5 ], "texture": "#texture" },
        "east":  { "uv": [ 2, 7, 2.5, 7.5 ], "texture": "#texture" }
    }
},
{
    "from": [ 1.25, 7, 7.75 ],
    "to": [ 1.75, 11.5, 8.25 ],
    "faces": {
        "down":  { "uv": [ 1, 7.5, 1.5, 8 ], "texture": "#texture" },
        "up":    { "uv": [ 1, 3.5, 1.5, 4 ], "texture": "#texture" },
        "north": { "uv": [ 1, 3.5, 1.5, 8 ], "texture": "#texture" },
        "south": { "uv": [ 1, 3.5, 1.5, 8 ], "texture": "#texture" },
        "west":  { "uv": [ 1, 3.5, 1.5, 8 ], "texture": "#texture" },
        "east":  { "uv": [ 1, 3.5, 1.5, 8 ], "texture": "#texture" }
    }
},
{
    "from": [ 1.75, 7.5, 7.5 ],
    "to": [ 2.25, 11, 8.5 ],
    "faces": {
        "down":  { "uv": [ 1.5, 7, 2, 7.5 ], "texture": "#texture" },
        "up":    { "uv": [ 1.5, 4, 2, 4.5 ], "texture": "#texture" },
        "north": { "uv": [ 1.5, 4, 2, 7.5 ], "texture": "#texture" },
        "south": { "uv": [ 1.5, 4, 2, 7.5 ], "texture": "#texture" },
        "west":  { "uv": [ 1.5, 4, 2, 7.5 ], "texture": "#texture" },
        "east":  { "uv": [ 1.5, 4, 2, 7.5 ], "texture": "#texture" }
    }
},
{
    "from": [ 1.75, 11, 7.75 ],
    "to": [ 2.25, 11.5, 8.25 ],
    "faces": {
        "down":  { "uv": [ 1.5, 3.5, 2, 4 ], "texture": "#texture" },
        "up":    { "uv": [ 1.5, 3.5, 2, 4 ], "texture": "#texture" },
        "north": { "uv": [ 1.5, 3.5, 2, 4 ], "texture": "#texture" },
        "south": { "uv": [ 1.5, 3.5, 2, 4 ], "texture": "#texture" },
        "west":  { "uv": [ 1.5, 3.5, 2, 4 ], "texture": "#texture" },
        "east":  { "uv": [ 1.5, 3.5, 2, 4 ], "texture": "#texture" }
    }
},
{
    "from": [ 1.75, 11.5, 7.75 ],
    "to": [ 3.25, 12, 8.25 ],
    "faces": {
        "down":  { "uv": [ 1.5, 3, 3, 3.5 ], "texture": "#texture" },
        "up":    { "uv": [ 1.5, 3, 3, 3.5 ], "texture": "#texture" },
        "north": { "uv": [ 1.5, 3, 3, 3.5 ], "texture": "#texture" },
        "south": { "uv": [ 1.5, 3, 3, 3.5 ], "texture": "#texture" },
        "west":  { "uv": [ 1.5, 3, 2, 3.5 ], "texture": "#texture" },
        "east":  { "uv": [ 2.5, 3, 3, 3.5 ], "texture": "#texture" }
    }
},
{
    "from": [ 2.25, 10.5, 7.5 ],
    "to": [ 3.25, 11.5, 8.5 ],
    "faces": {
        "down":  { "uv": [ 2, 4, 3, 4.5 ], "texture": "#texture" },
        "up":    { "uv": [ 2, 3.5, 3, 4 ], "texture": "#texture" },
        "north": { "uv": [ 3, 3.5, 2, 4.5 ], "texture": "#texture" },
        "south": { "uv": [ 2, 3.5, 3, 4.5 ], "texture": "#texture" },
        "west":  { "uv": [ 2, 3.5, 2.5, 4.5 ], "texture": "#texture" },
        "east":  { "uv": [ 2.5, 3.5, 3, 4.5 ], "texture": "#texture" }
    }
},
{
    "from": [ 3.25, 10, 7.5 ],
    "to": [ 3.75, 11.5, 8.5 ],
    "faces": {
        "down":  { "uv": [ 3, 4.5, 3.5, 5 ], "texture": "#texture" },
        "up":    { "uv": [ 3, 3.5, 3.5, 4 ], "texture": "#texture" },
        "north": { "uv": [ 3.5, 3.5, 3, 5 ], "texture": "#texture" },
        "south": { "uv": [ 3, 3.5, 3.5, 5 ], "texture": "#texture" },
        "west":  { "uv": [ 3, 3.5, 3.5, 5 ], "texture": "#texture" },
        "east":  { "uv": [ 3, 3.5, 3.5, 5 ], "texture": "#texture" }
    }
},
{
    "from": [ 3.75, 9.5, 7.5 ],
    "to": [ 4.25, 11, 8.5 ],
    "faces": {
        "down":  { "uv": [ 3.5, 5, 4, 5.5 ], "texture": "#texture" },
        "up":    { "uv": [ 3.5, 4, 4, 4.5 ], "texture": "#texture" },
        "north": { "uv": [ 3.5, 4, 4, 5.5 ], "texture": "#texture" },
        "south": { "uv": [ 3.5, 4, 4, 5.5 ], "texture": "#texture" },
        "west":  { "uv": [ 3.5, 4, 4, 5.5 ], "texture": "#texture" },
        "east":  { "uv": [ 3.5, 4, 4, 5.5 ], "texture": "#texture" }
    }
},
{
    "from": [ 4.25, 9.5, 7.5 ],
    "to": [ 4.75, 10.5, 8.5 ],
    "faces": {
        "down":  { "uv": [ 4, 5, 4.5, 5.5 ], "texture": "#texture" },
        "up":    { "uv": [ 4, 4.5, 4.5, 5 ], "texture": "#texture" },
        "north": { "uv": [ 4, 4.5, 4.5, 5.5 ], "texture": "#texture" },
        "south": { "uv": [ 4, 4.5, 4.5, 5.5 ], "texture": "#texture" },
        "west":  { "uv": [ 4, 4.5, 4.5, 5.5 ], "texture": "#texture" },
        "east":  { "uv": [ 4, 4.5, 4.5, 5.5 ], "texture": "#texture" }
    }
},
{
    "from": [ 7.25, 9.5, 4.5 ],
    "to": [ 8.75, 10.5, 11.5 ],
    "faces": {
        "down":  { "uv": [ 7, 4.5, 8.5, 5.5 ], "texture": "#texture" },
        "up":    { "uv": [ 7, 4.5, 8.5, 5.5 ], "texture": "#texture" },
        "north": { "uv": [ 7, 4.5, 8.5, 5.5 ], "texture": "#texture" },
        "south": { "uv": [ 7, 4.5, 8.5, 5.5 ], "texture": "#texture" },
        "west":  { "uv": [ 7.5, 4.5, 8.5, 5.5 ], "texture": "#texture" },
        "east":  { "uv": [ 7.5, 4.5, 8.5, 5.5 ], "texture": "#texture" }
    }
},
{
    "from": [ 7.25, 6.5, 4.5 ],
    "to": [ 8.25, 9.5, 8 ],
    "faces": {
        "down":  { "uv": [ 7.5, 6, 8.5, 7 ], "texture": "#texture" },
        "up":    { "uv": [ 7.5, 6, 8.5, 7 ], "texture": "#texture" },
        "north": { "uv": [ 7.5, 5.5, 8.5, 8 ], "texture": "#texture" },
        "south": { "uv": [ 7.5, 5.5, 8.5, 8 ], "texture": "#texture" },
        "west":  { "uv": [ 7.5, 5.5, 8.5, 8 ], "texture": "#texture" },
        "east":  { "uv": [ 7.5, 5.5, 8.5, 8 ], "texture": "#texture" }
    }
},
{
    "from": [ 5.25, 10, 6 ],
    "to": [ 10.75, 11, 10 ],
    "faces": {
        "down":  { "uv": [ 7, 2, 8.5, 3.5 ], "texture": "#texture" },
        "up":    { "uv": [ 7, 2, 8.5, 3.5 ], "texture": "#texture" },
        "north": { "uv": [ 7, 2, 8.5, 3.5 ], "texture": "#texture" },
        "south": { "uv": [ 7, 2, 8.5, 3.5 ], "texture": "#texture" },
        "west":  { "uv": [ 7, 2, 8.5, 3.5 ], "texture": "#texture" },
        "east":  { "uv": [ 7, 2, 8.5, 3.5 ], "texture": "#texture" }
    }
},
{
    "from": [ 5.25, 9.5, 9.5 ],
    "to": [ 10.75, 13.5, 10 ],
    "faces": {
        "down":  { "uv": [ 7, 2, 8.5, 3.5 ], "texture": "#texture" },
        "up":    { "uv": [ 7, 2, 8.5, 3.5 ], "texture": "#texture" },
        "north": { "uv": [ 7, 2, 8.5, 3.5 ], "texture": "#texture" },
        "south": { "uv": [ 7, 2, 8.5, 3.5 ], "texture": "#texture" },
        "west":  { "uv": [ 7, 2, 8.5, 3.5 ], "texture": "#texture" },
        "east":  { "uv": [ 7, 2, 8.5, 3.5 ], "texture": "#texture" }
    }
},
{
    "from": [ 5.25, 9.5, 6 ],
    "to": [ 10.75, 13.5, 6.5 ],
    "faces": {
        "down":  { "uv": [ 7, 2, 8.5, 3.5 ], "texture": "#texture" },
        "up":    { "uv": [ 7, 2, 8.5, 3.5 ], "texture": "#texture" },
        "north": { "uv": [ 7, 2, 8.5, 3.5 ], "texture": "#texture" },
        "south": { "uv": [ 7, 2, 8.5, 3.5 ], "texture": "#texture" },
        "west":  { "uv": [ 7, 2, 8.5, 3.5 ], "texture": "#texture" },
        "east":  { "uv": [ 7, 2, 8.5, 3.5 ], "texture": "#texture" }
    }
},
{
    "from": [ 5.25, 9.5, 6.5 ],
    "to": [ 5.75, 13.5, 9.5 ],
    "faces": {
        "down":  { "uv": [ 7, 2, 8.5, 3.5 ], "texture": "#texture" },
        "up":    { "uv": [ 7, 2, 8.5, 3.5 ], "texture": "#texture" },
        "north": { "uv": [ 7, 2, 8.5, 3.5 ], "texture": "#texture" },
        "south": { "uv": [ 7, 2, 8.5, 3.5 ], "texture": "#texture" },
        "west":  { "uv": [ 7, 2, 8.5, 3.5 ], "texture": "#texture" },
        "east":  { "uv": [ 7, 2, 8.5, 3.5 ], "texture": "#texture" }
    }
},
{
    "from": [ 10.25, 9.5, 6.5 ],
    "to": [ 10.75, 13.5, 9.5 ],
    "faces": {
        "down":  { "uv": [ 7, 2, 8.5, 3.5 ], "texture": "#texture" },
        "up":    { "uv": [ 7, 2, 8.5, 3.5 ], "texture": "#texture" },
        "north": { "uv": [ 7, 2, 8.5, 3.5 ], "texture": "#texture" },
        "south": { "uv": [ 7, 2, 8.5, 3.5 ], "texture": "#texture" },
        "west":  { "uv": [ 7, 2, 8.5, 3.5 ], "texture": "#texture" },
        "east":  { "uv": [ 7, 2, 8.5, 3.5 ], "texture": "#texture" }
    }
},
{
    "from": [ 4.75, 13.5, 5.5 ],
    "to": [ 11.25, 14, 6 ],
    "faces": {
        "down":  { "uv": [ 7, 2, 8.5, 3.5 ], "texture": "#texture" },
        "up":    { "uv": [ 7, 2, 8.5, 3.5 ], "texture": "#texture" },
        "north": { "uv": [ 7, 2, 8.5, 3.5 ], "texture": "#texture" },
        "south": { "uv": [ 7, 2, 8.5, 3.5 ], "texture": "#texture" },
        "west":  { "uv": [ 7, 2, 8.5, 3.5 ], "texture": "#texture" },
        "east":  { "uv": [ 7, 2, 8.5, 3.5 ], "texture": "#texture" }
    }
},
{
    "from": [ 4.75, 13.5, 10 ],
    "to": [ 11.25, 14, 10.5 ],
    "faces": {
        "down":  { "uv": [ 7, 2, 8.5, 3.5 ], "texture": "#texture" },
        "up":    { "uv": [ 7, 2, 8.5, 3.5 ], "texture": "#texture" },
        "north": { "uv": [ 7, 2, 8.5, 3.5 ], "texture": "#texture" },
        "south": { "uv": [ 7, 2, 8.5, 3.5 ], "texture": "#texture" },
        "west":  { "uv": [ 7, 2, 8.5, 3.5 ], "texture": "#texture" },
        "east":  { "uv": [ 7, 2, 8.5, 3.5 ], "texture": "#texture" }
    }
},
{
    "from": [ 10.75, 13.5, 6 ],
    "to": [ 11.25, 14, 10 ],
    "faces": {
        "down":  { "uv": [ 7, 2, 8.5, 3.5 ], "texture": "#texture" },
        "up":    { "uv": [ 7, 2, 8.5, 3.5 ], "texture": "#texture" },
        "north": { "uv": [ 7, 2, 8.5, 3.5 ], "texture": "#texture" },
        "south": { "uv": [ 7, 2, 8.5, 3.5 ], "texture": "#texture" },
        "west":  { "uv": [ 7, 2, 8.5, 3.5 ], "texture": "#texture" },
        "east":  { "uv": [ 7, 2, 8.5, 3.5 ], "texture": "#texture" }
    }
},
{
    "from": [ 4.75, 13.5, 6 ],
    "to": [ 5.25, 14, 10 ],
    "faces": {
        "down":  { "uv": [ 7, 2, 8.5, 3.5 ], "texture": "#texture" },
        "up":    { "uv": [ 7, 2, 8.5, 3.5 ], "texture": "#texture" },
        "north": { "uv": [ 7, 2, 8.5, 3.5 ], "texture": "#texture" },
        "south": { "uv": [ 7, 2, 8.5, 3.5 ], "texture": "#texture" },
        "west":  { "uv": [ 7, 2, 8.5, 3.5 ], "texture": "#texture" },
        "east":  { "uv": [ 7, 2, 8.5, 3.5 ], "texture": "#texture" }
    }
},
{
    "from": [ 10.25, 13.5, 6 ],
    "to": [ 10.75, 14, 6.5 ],
    "faces": {
        "down":  { "uv": [ 7, 2, 8.5, 3.5 ], "texture": "#texture" },
        "up":    { "uv": [ 7, 2, 8.5, 3.5 ], "texture": "#texture" },
        "north": { "uv": [ 7, 2, 8.5, 3.5 ], "texture": "#texture" },
        "south": { "uv": [ 7, 2, 8.5, 3.5 ], "texture": "#texture" },
        "west":  { "uv": [ 7, 2, 8.5, 3.5 ], "texture": "#texture" },
        "east":  { "uv": [ 7, 2, 8.5, 3.5 ], "texture": "#texture" }
    }
},
{
    "from": [ 5.25, 13.5, 6 ],
    "to": [ 5.75, 14, 6.5 ],
    "faces": {
        "down":  { "uv": [ 7, 2, 8.5, 3.5 ], "texture": "#texture" },
        "up":    { "uv": [ 7, 2, 8.5, 3.5 ], "texture": "#texture" },
        "north": { "uv": [ 7, 2, 8.5, 3.5 ], "texture": "#texture" },
        "south": { "uv": [ 7, 2, 8.5, 3.5 ], "texture": "#texture" },
        "west":  { "uv": [ 7, 2, 8.5, 3.5 ], "texture": "#texture" },
        "east":  { "uv": [ 7, 2, 8.5, 3.5 ], "texture": "#texture" }
    }
},
{
    "from": [ 5.25, 13.5, 9.5 ],
    "to": [ 5.75, 14, 10 ],
    "faces": {
        "down":  { "uv": [ 7, 2, 8.5, 3.5 ], "texture": "#texture" },
        "up":    { "uv": [ 7, 2, 8.5, 3.5 ], "texture": "#texture" },
        "north": { "uv": [ 7, 2, 8.5, 3.5 ], "texture": "#texture" },
        "south": { "uv": [ 7, 2, 8.5, 3.5 ], "texture": "#texture" },
        "west":  { "uv": [ 7, 2, 8.5, 3.5 ], "texture": "#texture" },
        "east":  { "uv": [ 7, 2, 8.5, 3.5 ], "texture": "#texture" }
    }
},
{
    "from": [ 10.25, 13.5, 9.5 ],
    "to": [ 10.75, 14, 10 ],
    "faces": {
        "down":  { "uv": [ 7, 2, 8.5, 3.5 ], "texture": "#texture" },
        "up":    { "uv": [ 7, 2, 8.5, 3.5 ], "texture": "#texture" },
        "north": { "uv": [ 7, 2, 8.5, 3.5 ], "texture": "#texture" },
        "south": { "uv": [ 7, 2, 8.5, 3.5 ], "texture": "#texture" },
        "west":  { "uv": [ 7, 2, 8.5, 3.5 ], "texture": "#texture" },
        "east":  { "uv": [ 7, 2, 8.5, 3.5 ], "texture": "#texture" }
    }
},
{
    "from": [ 9.75, 10.5, 9 ],
    "to": [ 10.25, 13.5, 9.5 ],
    "faces": {
        "down":  { "uv": [ 7, 2, 8.5, 3.5 ], "texture": "#texture" },
        "up":    { "uv": [ 7, 2, 8.5, 3.5 ], "texture": "#texture" },
        "north": { "uv": [ 7, 2, 8.5, 3.5 ], "texture": "#texture" },
        "south": { "uv": [ 7, 2, 8.5, 3.5 ], "texture": "#texture" },
        "west":  { "uv": [ 7, 2, 8.5, 3.5 ], "texture": "#texture" },
        "east":  { "uv": [ 7, 2, 8.5, 3.5 ], "texture": "#texture" }
    }
},
{
    "from": [ 5.75, 10.5, 9 ],
    "to": [ 6.25, 13.5, 9.5 ],
    "faces": {
        "down":  { "uv": [ 7, 2, 8.5, 3.5 ], "texture": "#texture" },
        "up":    { "uv": [ 7, 2, 8.5, 3.5 ], "texture": "#texture" },
        "north": { "uv": [ 7, 2, 8.5, 3.5 ], "texture": "#texture" },
        "south": { "uv": [ 7, 2, 8.5, 3.5 ], "texture": "#texture" },
        "west":  { "uv": [ 7, 2, 8.5, 3.5 ], "texture": "#texture" },
        "east":  { "uv": [ 7, 2, 8.5, 3.5 ], "texture": "#texture" }
    }
},
{
    "from": [ 5.75, 10.5, 6.5 ],
    "to": [ 6.25, 13.5, 7 ],
    "faces": {
        "down":  { "uv": [ 7, 2, 8.5, 3.5 ], "texture": "#texture" },
        "up":    { "uv": [ 7, 2, 8.5, 3.5 ], "texture": "#texture" },
        "north": { "uv": [ 7, 2, 8.5, 3.5 ], "texture": "#texture" },
        "south": { "uv": [ 7, 2, 8.5, 3.5 ], "texture": "#texture" },
        "west":  { "uv": [ 7, 2, 8.5, 3.5 ], "texture": "#texture" },
        "east":  { "uv": [ 7, 2, 8.5, 3.5 ], "texture": "#texture" }
    }
},
{
    "from": [ 9.75, 10.5, 6.5 ],
    "to": [ 10.25, 13.5, 7 ],
    "faces": {
        "down":  { "uv": [ 7, 2, 8.5, 3.5 ], "texture": "#texture" },
        "up":    { "uv": [ 7, 2, 8.5, 3.5 ], "texture": "#texture" },
        "north": { "uv": [ 7, 2, 8.5, 3.5 ], "texture": "#texture" },
        "south": { "uv": [ 7, 2, 8.5, 3.5 ], "texture": "#texture" },
        "west":  { "uv": [ 7, 2, 8.5, 3.5 ], "texture": "#texture" },
        "east":  { "uv": [ 7, 2, 8.5, 3.5 ], "texture": "#texture" }
    }
},
{
    "from": [ 7.75, 6.5, 8 ],
    "to": [ 8.75, 9.5, 11.5 ],
    "faces": {
        "down":  { "uv": [ 7.5, 6, 8.5, 7 ], "texture": "#texture" },
        "up":    { "uv": [ 7.5, 6, 8.5, 7 ], "texture": "#texture" },
        "north": { "uv": [ 7.5, 5.5, 8.5, 8 ], "texture": "#texture" },
        "south": { "uv": [ 7.5, 5.5, 8.5, 8 ], "texture": "#texture" },
        "west":  { "uv": [ 7.5, 5.5, 8.5, 8 ], "texture": "#texture" },
        "east":  { "uv": [ 7.5, 5.5, 8.5, 8 ], "texture": "#texture" }
    }
}
],
"display": {
    "thirdperson": {
        "rotation": [ -86, -1, 0 ],
        "translation": [ 0.1, 0.6, -3.3 ],
        "scale": [ 1, 1, 1 ]
    },
    "ground": {
        "rotation": [ 0, 0, 0 ],
        "translation": [ 0, 0, 0 ],
        "scale": [ 1, 1, 1 ]
    },
    "fixed": {
        "rotation": [ 0, 0, 0 ],
        "translation": [ 0, 0, 0 ],
        "scale": [ 1, 1, 1 ]
    },
    "firstperson": {
        "rotation": [ 6, 128, -14 ],
        "translation": [ -6.7, 6.1, -0.8 ],
        "scale": [ 1.5, 1.5, 1.5 ]
    },
	"gui": {
		"rotation": [30, -45, 0],
		"translation": [-80, 80, 80],
		"scale": [1.8, 1.8, 1.8]
	}
}
}