{
	"credit": "Made with Blockbench",
	"texture_size": [64, 64],
	"textures": {
		"0": "custom/cosmetics/orbit_balloon/or_bit_balloon",
		"particle": "custom/cosmetics/orbit_balloon/or_bit_balloon"
	},
	"elements": [
		{
			"from": [0, 0, 0],
			"to": [16, 14, 16],
			"faces": {
				"north": {"uv": [0, 0, 4, 3.5], "texture": "#0"},
				"east": {"uv": [8, 0, 4, 3.5], "texture": "#0"},
				"south": {"uv": [6, 4, 10, 7.5], "texture": "#0"},
				"west": {"uv": [4, 0, 8, 3.5], "texture": "#0"},
				"up": {"uv": [8, 0, 12, 4], "rotation": 180, "texture": "#0"},
				"down": {"uv": [2, 4.75, 6, 8.75], "texture": "#0"}
			}
		},
		{
			"from": [0, 0, 0],
			"to": [16, 14, 16],
			"faces": {
				"north": {"uv": [12, 0, 16, 3.5], "texture": "#0", "tintindex": 0},
				"east": {"uv": [16, 3.5, 12, 7], "texture": "#0", "tintindex": 0},
				"south": {"uv": [0, 12.5, 4, 16], "texture": "#0"},
				"west": {"uv": [12, 3.5, 16, 7], "texture": "#0", "tintindex": 0},
				"up": {"uv": [0, 12, 4, 16], "rotation": 180, "texture": "#0"},
				"down": {"uv": [0, 12, 4, 16], "texture": "#0"}
			}
		},
		{
			"from": [6, 11, -1],
			"to": [10, 16, 17],
			"faces": {
				"north": {"uv": [0, 3.5, 1, 4.75], "texture": "#0"},
				"east": {"uv": [1, 3.5, 5.5, 4.75], "texture": "#0"},
				"south": {"uv": [0, 3.5, 1, 4.75], "texture": "#0"},
				"west": {"uv": [5.5, 3.5, 1, 4.75], "texture": "#0"},
				"up": {"uv": [0, 4.75, 1, 9.25], "texture": "#0"},
				"down": {"uv": [1, 4.5, 5.5, 4.75], "rotation": 90, "texture": "#0"}
			}
		},
		{
			"from": [6, 11, -1],
			"to": [10, 16, 17],
			"faces": {
				"north": {"uv": [14, 6.75, 15, 8], "texture": "#0", "tintindex": 0},
				"east": {"uv": [0, 14.75, 0, 16], "texture": "#0"},
				"south": {"uv": [14, 6.75, 15, 8], "texture": "#0", "tintindex": 0},
				"west": {"uv": [0, 14.75, 0, 16], "texture": "#0"},
				"up": {"uv": [0, 16, 1, 16], "texture": "#0"},
				"down": {"uv": [0, 15, 0, 16], "rotation": 90, "texture": "#0"}
			}
		},
		{
			"from": [2, 11, 6],
			"to": [3, 24, 10],
			"rotation": {"angle": 45, "axis": "x", "origin": [3.5, 13.5, 9]},
			"faces": {
				"north": {"uv": [1, 4.75, 1.25, 8], "texture": "#0"},
				"east": {"uv": [1, 4.75, 2, 8], "texture": "#0"},
				"south": {"uv": [1, 4.75, 1.25, 8], "texture": "#0"},
				"west": {"uv": [1, 4.75, 2, 8], "texture": "#0"},
				"up": {"uv": [1, 4.75, 2, 5], "rotation": 90, "texture": "#0"},
				"down": {"uv": [1, 7.75, 2, 8], "rotation": 90, "texture": "#0"}
			}
		},
		{
			"from": [13, 11, 6],
			"to": [14, 24, 10],
			"rotation": {"angle": 45, "axis": "x", "origin": [3.5, 13.5, 9]},
			"faces": {
				"north": {"uv": [1, 4.75, 1.25, 8], "texture": "#0"},
				"east": {"uv": [1, 4.75, 2, 8], "texture": "#0"},
				"south": {"uv": [1, 4.75, 1.25, 8], "texture": "#0"},
				"west": {"uv": [1, 4.75, 2, 8], "texture": "#0"},
				"up": {"uv": [1, 4.75, 2, 5], "rotation": 90, "texture": "#0"},
				"down": {"uv": [1, 7.75, 2, 8], "rotation": 90, "texture": "#0"}
			}
		},
		{
			"from": [10, -10, 3],
			"to": [14, 1, 7],
			"rotation": {"angle": -22.5, "axis": "x", "origin": [12, 0.5, 5]},
			"faces": {
				"north": {"uv": [10, 4, 11, 6.75], "texture": "#0"},
				"east": {"uv": [11, 4, 10, 6.75], "texture": "#0"},
				"south": {"uv": [10, 4, 11, 6.75], "texture": "#0"},
				"west": {"uv": [11, 4, 10, 6.75], "texture": "#0"},
				"up": {"uv": [11, 4, 12, 5], "texture": "#0"},
				"down": {"uv": [11, 5, 12, 6], "texture": "#0"}
			}
		},
		{
			"from": [10, -10, 3],
			"to": [14, -7, 7],
			"rotation": {"angle": -22.5, "axis": "x", "origin": [12, 0.5, 5]},
			"faces": {
				"north": {"uv": [10, 7.25, 11, 8], "texture": "#0", "tintindex": 0},
				"east": {"uv": [11, 7.25, 10, 8], "texture": "#0", "tintindex": 0},
				"south": {"uv": [10, 7.25, 11, 8], "texture": "#0", "tintindex": 0},
				"west": {"uv": [11, 7.25, 10, 8], "texture": "#0", "tintindex": 0},
				"up": {"uv": [12, 4, 13, 5], "texture": "#0"},
				"down": {"uv": [11, 6.25, 12, 7.25], "texture": "#0", "tintindex": 0}
			}
		},
		{
			"from": [2, -10, 3],
			"to": [6, -7, 7],
			"rotation": {"angle": -22.5, "axis": "x", "origin": [12, 0.5, 5]},
			"faces": {
				"north": {"uv": [10, 7.25, 11, 8], "texture": "#0", "tintindex": 0},
				"east": {"uv": [11, 7.25, 10, 8], "texture": "#0", "tintindex": 0},
				"south": {"uv": [10, 7.25, 11, 8], "texture": "#0", "tintindex": 0},
				"west": {"uv": [11, 7.25, 10, 8], "texture": "#0", "tintindex": 0},
				"up": {"uv": [12, 4, 13, 5], "texture": "#0"},
				"down": {"uv": [11, 6.25, 12, 7.25], "texture": "#0", "tintindex": 0}
			}
		},
		{
			"from": [2, -10, 3],
			"to": [6, 1, 7],
			"rotation": {"angle": -22.5, "axis": "x", "origin": [4, 0.5, 5]},
			"faces": {
				"north": {"uv": [10, 4, 11, 6.75], "texture": "#0"},
				"east": {"uv": [11, 4, 10, 6.75], "texture": "#0"},
				"south": {"uv": [10, 4, 11, 6.75], "texture": "#0"},
				"west": {"uv": [11, 4, 10, 6.75], "texture": "#0"},
				"up": {"uv": [11, 4, 12, 5], "texture": "#0"},
				"down": {"uv": [11, 5, 12, 6], "texture": "#0"}
			}
		},
		{
			"from": [2, -10, 10],
			"to": [6, 1, 14],
			"rotation": {"angle": -22.5, "axis": "x", "origin": [4, 0.5, 12]},
			"faces": {
				"north": {"uv": [10, 4, 11, 6.75], "texture": "#0"},
				"east": {"uv": [11, 4, 10, 6.75], "texture": "#0"},
				"south": {"uv": [10, 4, 11, 6.75], "texture": "#0"},
				"west": {"uv": [11, 4, 10, 6.75], "texture": "#0"},
				"up": {"uv": [11, 4, 12, 5], "texture": "#0"},
				"down": {"uv": [11, 5, 12, 6], "texture": "#0"}
			}
		},
		{
			"from": [2, -10, 10],
			"to": [6, -7, 14],
			"rotation": {"angle": -22.5, "axis": "x", "origin": [4, 0.5, 12]},
			"faces": {
				"north": {"uv": [10, 7.25, 11, 8], "texture": "#0", "tintindex": 0},
				"east": {"uv": [11, 7.25, 10, 8], "texture": "#0", "tintindex": 0},
				"south": {"uv": [10, 7.25, 11, 8], "texture": "#0", "tintindex": 0},
				"west": {"uv": [11, 7.25, 10, 8], "texture": "#0", "tintindex": 0},
				"up": {"uv": [12, 4, 13, 5], "texture": "#0"},
				"down": {"uv": [11, 6.25, 12, 7.25], "texture": "#0", "tintindex": 0}
			}
		},
		{
			"from": [10, -10, 10],
			"to": [14, -7, 14],
			"rotation": {"angle": -22.5, "axis": "x", "origin": [4, 0.5, 12]},
			"faces": {
				"north": {"uv": [10, 7.25, 11, 8], "texture": "#0", "tintindex": 0},
				"east": {"uv": [11, 7.25, 10, 8], "texture": "#0", "tintindex": 0},
				"south": {"uv": [10, 7.25, 11, 8], "texture": "#0", "tintindex": 0},
				"west": {"uv": [11, 7.25, 10, 8], "texture": "#0", "tintindex": 0},
				"up": {"uv": [12, 4, 13, 5], "texture": "#0"},
				"down": {"uv": [11, 6.25, 12, 7.25], "texture": "#0", "tintindex": 0}
			}
		},
		{
			"from": [10, -10, 10],
			"to": [14, 1, 14],
			"rotation": {"angle": -22.5, "axis": "x", "origin": [12, 0.5, 12]},
			"faces": {
				"north": {"uv": [10, 4, 11, 6.75], "texture": "#0"},
				"east": {"uv": [11, 4, 10, 6.75], "texture": "#0"},
				"south": {"uv": [10, 4, 11, 6.75], "texture": "#0"},
				"west": {"uv": [11, 4, 10, 6.75], "texture": "#0"},
				"up": {"uv": [11, 4, 12, 5], "texture": "#0"},
				"down": {"uv": [11, 5, 12, 6], "texture": "#0"}
			}
		}
	],
	"display": {
		"gui": {
			"rotation": [28, 135, 0],
			"translation": [-0.25, 0.25, 0],
			"scale": [0.44, 0.44, 0.44]
		},
		"head": {
			"translation": [0, 12, 0],
			"scale": [2.2857, 2.2857, 2.2857]
		}
	}
}