{
	"credit": "Made with Blockbench",
	"texture_size": [64, 64],
	"textures": {
		"0": "custom/cosmetics/orbit_balloon/or_bit_balloon",
		"particle": "custom/cosmetics/orbit_balloon/or_bit_balloon"
	},
	"elements": [
		{
			"from": [6, 0, 6],
			"to": [10, 11, 10],
			"faces": {
				"north": {"uv": [10, 4, 11, 6.75], "texture": "#0"},
				"east": {"uv": [11, 4, 10, 6.75], "texture": "#0"},
				"south": {"uv": [10, 4, 11, 6.75], "texture": "#0"},
				"west": {"uv": [11, 4, 10, 6.75], "texture": "#0"},
				"up": {"uv": [11, 4, 12, 5], "texture": "#0"},
				"down": {"uv": [11, 5, 12, 6], "texture": "#0"}
			}
		},
		{
			"from": [6, 0, 6],
			"to": [10, 3, 10],
			"faces": {
				"north": {"uv": [10, 7.25, 11, 8], "texture": "#0", "tintindex": 0},
				"east": {"uv": [11, 7.25, 10, 8], "texture": "#0", "tintindex": 0},
				"south": {"uv": [10, 7.25, 11, 8], "texture": "#0", "tintindex": 0},
				"west": {"uv": [11, 7.25, 10, 8], "texture": "#0", "tintindex": 0},
				"up": {"uv": [12, 4, 13, 5], "texture": "#0"},
				"down": {"uv": [11, 6.25, 12, 7.25], "texture": "#0", "tintindex": 0}
			}
		}
	],
	"display": {
		"thirdperson_righthand": {
			"scale": [2.2857, 2.2857, 2.2857]
		},
		"head": {
			"translation": [0, -8, 0],
			"scale": [2.2857, 2.2857, 2.2857]
		}
	}
}