{"display":{"head":{"scale":[1.75,1.75,1.75]}},"ambientocclusion":false,"textures":{"particle":"blocks/dark_blue_helm","texture":"blocks/dark_blue_helm"},"elements":[{"name":"inner","from":[5.5,2.25,4],"to":[13.5,10.25,12],"rotation":{"angle":22.5,"axis":"z","origin":[16,0,8]},"faces":{"north":{"uv":[4,2,6,4],"texture":"#texture"},"east":{"uv":[2,2,4,4],"texture":"#texture"},"south":{"uv":[0,2,2,4],"texture":"#texture"},"west":{"uv":[6,2,8,4],"texture":"#texture"},"up":{"uv":[2,2,4,0],"rotation":90,"texture":"#texture"},"down":{"uv":[4,0,6,2],"rotation":270,"texture":"#texture"}}},{"name":"innerinvert","from":[13.5,10.25,12],"to":[5.5,2.25,4],"rotation":{"angle":22.5,"axis":"z","origin":[16,0,8]},"faces":{"north":{"uv":[0,4,2,2],"texture":"#texture"},"east":{"uv":[6,4,8,2],"texture":"#texture"},"south":{"uv":[4,4,6,2],"texture":"#texture"},"west":{"uv":[2,4,4,2],"texture":"#texture"},"up":{"uv":[6,0,4,2],"rotation":90,"texture":"#texture"},"down":{"uv":[4,2,2,0],"rotation":270,"texture":"#texture"}}},{"name":"outer","from":[5,1.75,3.5],"to":[14,10.75,12.5],"rotation":{"angle":22.5,"axis":"z","origin":[16,0,8]},"faces":{"north":{"uv":[12,2,14,4],"texture":"#texture"},"east":{"uv":[10,2,12,4],"texture":"#texture"},"south":{"uv":[8,2,10,4],"texture":"#texture"},"west":{"uv":[14,2,16,4],"texture":"#texture"},"up":{"uv":[10,0,12,2],"rotation":90,"texture":"#texture"},"down":{"uv":[12,0,14,2],"rotation":270,"texture":"#texture"}}},{"name":"outerinvert","from":[14,10.75,12.5],"to":[5,1.75,3.5],"rotation":{"angle":22.5,"axis":"z","origin":[16,0,8]},"faces":{"north":{"uv":[8.032,3.968,9.968,2.032],"texture":"#texture"},"east":{"uv":[14.032,3.968,15.968,2.032],"texture":"#texture"},"south":{"uv":[12.032,3.968,13.968,2.032],"texture":"#texture"},"west":{"uv":[10.032,3.968,11.968,2.032],"texture":"#texture"},"up":{"uv":[13.968,0.032,12.032,1.968],"rotation":90,"texture":"#texture"},"down":{"uv":[11.968,0.032,10.032,1.968],"rotation":270,"texture":"#texture"}}}]}