{"elements":[{"from":[0,0.1,0],"to":[16,0.4,16],"faces":{"north":{"uv":[0,0,16,1],"rotation":180,"texture":"#texture"},"east":{"uv":[15,0,16,16],"rotation":90,"texture":"#texture"},"south":{"uv":[0,15,16,16],"texture":"#texture"},"west":{"uv":[15,0,16,16],"rotation":90,"texture":"#texture"},"up":{"uv":[0,0,16,16],"texture":"#texture"},"down":{"uv":[16,0,0,16],"texture":"#texture"}}}],"ambientocclusion":false,"textures":{"texture":"blocks/wool_colored_cyan_ice","particle":"blocks/wool_colored_cyan_ice"}}