{"display":{"head":{"scale":[1.75,1.75,1.75]}},"ambientocclusion":false,"textures":{"particle":"blocks/dark_blue_helm","texture":"blocks/dark_blue_helm"},"elements":[{"name":"cube inverted","from":[8.68207,5.72543,6.9902],"to":[4.68207,-1.27457,2.9902],"rotation":{"angle":22.5,"axis":"x","origin":[7.14307,2.74519,7.539]},"faces":{"north":{"uv":[3,8,2,6.25],"texture":"#texture"},"east":{"uv":[4,8,3,6.25],"texture":"#texture"},"south":{"uv":[1,8,0,6.25],"texture":"#texture"},"west":{"uv":[2,8,1,6.25],"texture":"#texture"},"up":{"uv":[3,4,2,5],"rotation":90,"texture":"#texture"},"down":{"uv":[4,4,3,6.25],"rotation":270,"texture":"#texture"}}},{"from":[4.68207,-1.27457,2.9902],"to":[8.68207,5.72543,6.9902],"rotation":{"angle":22.5,"axis":"x","origin":[7.14307,2.74519,7.539]},"faces":{"north":{"uv":[1,6.25,0,8],"texture":"#texture"},"east":{"uv":[2,6.25,1,8],"texture":"#texture"},"south":{"uv":[3,6.25,2,8],"texture":"#texture"},"west":{"uv":[4,6.25,3,8],"texture":"#texture"},"up":{"uv":[3,4,4,6.25],"rotation":90,"texture":"#texture"},"down":{"uv":[2,4,3,5],"rotation":270,"texture":"#texture"}}},{"from":[4.6821,-0.2746,2.9902],"to":[8.6821,-0.2746,6.9902],"rotation":{"angle":22.5,"axis":"x","origin":[7.1431,2.7452,7.539]},"faces":{"north":{"uv":[12,16,16,16],"texture":"#texture"},"east":{"uv":[12,16,16,16],"texture":"#texture"},"south":{"uv":[12,16,16,16],"texture":"#texture"},"west":{"uv":[12,16,16,16],"texture":"#texture"},"up":{"uv":[5.25,6.75,6.25,7.75],"texture":"#texture"},"down":{"uv":[5.25,6.75,6.25,7.75],"texture":"#texture"}}},{"from":[4.59173,0.25,6.57471],"to":[8.59173,4.25,13.57471],"rotation":{"angle":22.5,"axis":"y","origin":[7.14307,2.74519,7.539]},"faces":{"north":{"uv":[3,4,4,6.25],"rotation":270,"texture":"#texture"},"east":{"uv":[1,6.25,2,8],"rotation":90,"texture":"#texture"},"south":{"uv":[3,4,2,5],"rotation":270,"texture":"#texture"},"west":{"uv":[3,6.25,4,8],"rotation":270,"texture":"#texture"},"up":{"uv":[0,6.25,1,8],"texture":"#texture"},"down":{"uv":[2,6.25,3,8],"rotation":180,"texture":"#texture"}}},{"name":"cube inverted","from":[8.59173,4.25,13.57471],"to":[4.59173,0.25,6.57471],"rotation":{"angle":22.5,"axis":"y","origin":[7.14307,2.74519,7.539]},"faces":{"north":{"uv":[2,4,3,5],"rotation":270,"texture":"#texture"},"east":{"uv":[3,8,4,6.25],"rotation":90,"texture":"#texture"},"south":{"uv":[4,4,3,6.25],"rotation":270,"texture":"#texture"},"west":{"uv":[1,8,2,6.25],"rotation":270,"texture":"#texture"},"up":{"uv":[2,8,3,6.25],"texture":"#texture"},"down":{"uv":[0,8,1,6.25],"rotation":180,"texture":"#texture"}}},{"from":[4.5917,0.25,12.5747],"to":[8.5917,4.25,12.5747],"rotation":{"angle":22.5,"axis":"y","origin":[7.1431,2.7452,7.539]},"faces":{"north":{"uv":[5.25,6.75,6.25,7.75],"rotation":180,"texture":"#texture"},"east":{"uv":[12,16,16,16],"rotation":90,"texture":"#texture"},"south":{"uv":[5.25,6.75,6.25,7.75],"texture":"#texture"},"west":{"uv":[12,16,16,16],"rotation":270,"texture":"#texture"},"up":{"uv":[12,16,16,16],"texture":"#texture"},"down":{"uv":[12,16,16,16],"rotation":180,"texture":"#texture"}}}]}