{"display":{"head":{"scale":[1.75,1.75,1.75]}},"ambientocclusion":false,"textures":{"particle":"blocks/red_helm","texture":"blocks/red_helm"},"elements":[{"name":"inner","from":[4,-0.25,3],"to":[12,7.75,11],"rotation":{"angle":22.5,"axis":"x","origin":[8,0,6]},"faces":{"north":{"uv":[2,2,4,4],"texture":"#texture"},"east":{"uv":[0,2,2,4],"texture":"#texture"},"south":{"uv":[6,2,8,4],"texture":"#texture"},"west":{"uv":[4,2,6,4],"texture":"#texture"},"up":{"uv":[2,2,4,0],"texture":"#texture"},"down":{"uv":[4,0,6,2],"texture":"#texture"}}},{"name":"innerinvert","from":[12,7.75,11],"to":[4,-0.25,3],"rotation":{"angle":22.5,"axis":"x","origin":[8,0,6]},"faces":{"north":{"uv":[6,4,8,2],"texture":"#texture"},"east":{"uv":[4,4,6,2],"texture":"#texture"},"south":{"uv":[2,4,4,2],"texture":"#texture"},"west":{"uv":[0,4,2,2],"texture":"#texture"},"up":{"uv":[6,0,4,2],"texture":"#texture"},"down":{"uv":[4,2,2,0],"texture":"#texture"}}},{"name":"outer","from":[3.5,-0.75,2.5],"to":[12.5,8.25,11.5],"rotation":{"angle":22.5,"axis":"x","origin":[8,0,6]},"faces":{"north":{"uv":[10,2,12,4],"texture":"#texture"},"east":{"uv":[8,2,10,4],"texture":"#texture"},"south":{"uv":[14,2,16,4],"texture":"#texture"},"west":{"uv":[12,2,14,4],"texture":"#texture"},"up":{"uv":[10,0,12,2],"texture":"#texture"},"down":{"uv":[12,0,14,2],"texture":"#texture"}}},{"name":"outerinvert","from":[12.5,8.25,11.5],"to":[3.5,-0.75,2.5],"rotation":{"angle":22.5,"axis":"x","origin":[8,0,6]},"faces":{"north":{"uv":[14.032,3.968,15.968,2.032],"texture":"#texture"},"east":{"uv":[12.032,3.968,13.968,2.032],"texture":"#texture"},"south":{"uv":[10.032,3.968,11.968,2.032],"texture":"#texture"},"west":{"uv":[8.032,3.968,9.968,2.032],"texture":"#texture"},"up":{"uv":[13.968,0.032,12.032,1.968],"texture":"#texture"},"down":{"uv":[11.968,0.032,10.032,1.968],"texture":"#texture"}}}]}