{"display":{"head":{"scale":[1.75,1.75,1.75]}},"ambientocclusion":false,"textures":{"particle":"blocks/red_helm","texture":"blocks/red_helm"},"elements":[{"name":"cube inverted","from":[9.54517,4.19639,8.78863],"to":[5.54517,0.19639,1.78863],"rotation":{"angle":0,"axis":"x","origin":[8.50617,2.74519,8.51887]},"faces":{"north":{"uv":[3,4,2,5],"rotation":270,"texture":"#texture"},"east":{"uv":[4,8,3,6.25],"rotation":90,"texture":"#texture"},"south":{"uv":[4,4,3,6.25],"rotation":270,"texture":"#texture"},"west":{"uv":[2,8,1,6.25],"rotation":270,"texture":"#texture"},"up":{"uv":[1,8,0,6.25],"texture":"#texture"},"down":{"uv":[3,8,2,6.25],"rotation":180,"texture":"#texture"}}},{"from":[5.54517,0.19639,1.78863],"to":[9.54517,4.19639,8.78863],"rotation":{"angle":0,"axis":"x","origin":[8.50617,2.74519,8.51887]},"faces":{"north":{"uv":[3,4,4,6.25],"rotation":270,"texture":"#texture"},"east":{"uv":[2,6.25,1,8],"rotation":90,"texture":"#texture"},"south":{"uv":[2,4,3,5],"rotation":270,"texture":"#texture"},"west":{"uv":[4,6.25,3,8],"rotation":270,"texture":"#texture"},"up":{"uv":[3,6.25,2,8],"texture":"#texture"},"down":{"uv":[1,6.25,0,8],"rotation":180,"texture":"#texture"}}},{"from":[5.5452,0.1964,7.7886],"to":[9.5452,4.1964,7.7886],"rotation":{"angle":0,"axis":"y","origin":[8.5062,2.7452,8.5189]},"faces":{"north":{"uv":[5.25,6.75,6.25,7.75],"rotation":180,"texture":"#texture"},"east":{"uv":[12,16,16,16],"rotation":270,"texture":"#texture"},"south":{"uv":[5.25,6.75,6.25,7.75],"texture":"#texture"},"west":{"uv":[12,16,16,16],"rotation":90,"texture":"#texture"},"up":{"uv":[12,16,16,16],"rotation":180,"texture":"#texture"},"down":{"uv":[12,16,16,16],"texture":"#texture"}}},{"from":[7.45483,-1.04052,8.77368],"to":[11.45483,5.95948,12.77368],"rotation":{"angle":-22.5,"axis":"x","origin":[8.50617,2.74519,8.51887]},"faces":{"north":{"uv":[2,6.25,3,8],"texture":"#texture"},"east":{"uv":[1,6.25,2,8],"texture":"#texture"},"south":{"uv":[0,6.25,1,8],"texture":"#texture"},"west":{"uv":[3,6.25,4,8],"texture":"#texture"},"up":{"uv":[3,4,4,6.25],"rotation":90,"texture":"#texture"},"down":{"uv":[3,4,2,5],"rotation":270,"texture":"#texture"}}},{"name":"cube inverted","from":[11.45483,5.95948,12.77368],"to":[7.45483,-1.04052,8.77368],"rotation":{"angle":-22.5,"axis":"x","origin":[8.50617,2.74519,8.51887]},"faces":{"north":{"uv":[0,8,1,6.25],"texture":"#texture"},"east":{"uv":[3,8,4,6.25],"texture":"#texture"},"south":{"uv":[2,8,3,6.25],"texture":"#texture"},"west":{"uv":[1,8,2,6.25],"texture":"#texture"},"up":{"uv":[2,4,3,5],"rotation":90,"texture":"#texture"},"down":{"uv":[4,4,3,6.25],"rotation":270,"texture":"#texture"}}},{"from":[7.4548,-0.0405,8.7737],"to":[11.4548,-0.0405,12.7737],"rotation":{"angle":-22.5,"axis":"x","origin":[8.5062,2.7452,8.5189]},"faces":{"north":{"uv":[12,16,16,16],"rotation":180,"texture":"#texture"},"east":{"uv":[12,16,16,16],"rotation":180,"texture":"#texture"},"south":{"uv":[12,16,16,16],"rotation":180,"texture":"#texture"},"west":{"uv":[12,16,16,16],"rotation":180,"texture":"#texture"},"up":{"uv":[5.25,6.75,6.25,7.75],"texture":"#texture"},"down":{"uv":[5.25,6.75,6.25,7.75],"texture":"#texture"}}}]}